cod_mun,nome,pop_quilombola,pop_total,pct_quilombola
3135209,Januária - MG,15012.0,65150,23.04
3135100,Janaúba - MG,7613.0,70699,10.77
3106507,Berilo - MG,5735.0,9826,58.37
3161106,São Francisco - MG,5422.0,52762,10.28
3116100,Chapada do Norte - MG,4457.0,10337,43.12
3152105,Ponte Nova - MG,3751.0,57776,6.49
3139300,Manga - MG,3418.0,18886,18.1
3171600,Virgem da Lapa - MG,3313.0,11804,28.07
3141801,Minas Novas - MG,2868.0,24405,11.75
3147006,Paracatu - MG,2836.0,94023,3.02
3112307,Capelinha - MG,2058.0,39626,5.19
3170909,Varzelândia - MG,1990.0,18840,10.56
3157005,Salinas - MG,1943.0,40178,4.84
3103405,Araçuaí - MG,1936.0,34297,5.64
3167103,Serro - MG,1879.0,21952,8.56
3156809,Sabinópolis - MG,1864.0,14240,13.09
3157807,Santa Luzia - MG,1607.0,219132,0.73
3162401,São João da Ponte - MG,1527.0,23930,6.38
3121605,Diamantina - MG,1475.0,47702,3.09
3150802,Piranga - MG,1420.0,17018,8.34
3158003,Santa Maria de Itabira - MG,1408.0,10485,13.43
3135456,Jenipapo de Minas - MG,1398.0,6100,22.92
3126505,Francisco Badaró - MG,1292.0,7366,17.54
3146552,Pai Pedro - MG,1287.0,5551,23.19
3147402,Paraopeba - MG,1273.0,24107,5.28
3108255,Bonito de Minas - MG,1252.0,10204,12.27
3117504,Conceição do Mato Dentro - MG,1173.0,23163,5.06
3117836,Cônego Marinho - MG,1168.0,7237,16.14
3118601,Contagem - MG,1159.0,621863,0.19
3155702,Rio Piracicaba - MG,1070.0,14631,7.31
3142908,Monte Azul - MG,1003.0,20328,4.93
3132503,Itamarandiba - MG,993.0,32948,3.01
3160207,Santo Antônio do Itambé - MG,990.0,3915,25.29
3146206,Ouro Verde de Minas - MG,928.0,5757,16.12
3149150,Pedras de Maria da Cruz - MG,914.0,10433,8.76
3135050,Jaíba - MG,902.0,37660,2.4
3106309,Belo Oriente - MG,897.0,23928,3.75
3171006,Vazante - MG,883.0,19975,4.42
3136959,Juvenília - MG,858.0,5789,14.82
3140852,Matias Cardoso - MG,857.0,8895,9.63
3106804,Bias Fortes - MG,833.0,3361,24.78
3116159,Chapada Gaúcha - MG,828.0,12355,6.7
3106200,Belo Horizonte - MG,821.0,2315560,0.04
3148301,Paula Cândido - MG,787.0,8659,9.09
3108602,Brasília de Minas - MG,781.0,32025,2.44
3102852,Angelândia - MG,776.0,7718,10.05
3143302,Montes Claros - MG,748.0,414240,0.18
3169901,Ubá - MG,735.0,103365,0.71
3170008,Ubaí - MG,724.0,11708,6.18
3120300,Cristália - MG,675.0,5121,13.18
3107703,Bom Jesus do Amparo - MG,670.0,5631,11.9
3109006,Brumadinho - MG,666.0,38915,1.71
3165552,Setubinha - MG,650.0,9917,6.55
3171030,Verdelândia - MG,625.0,7672,8.15
3119500,Coronel Murta - MG,622.0,8200,7.59
3115474,Catuti - MG,601.0,4739,12.68
3154606,Ribeirão das Neves - MG,600.0,329794,0.18
3128006,Guanhães - MG,581.0,32244,1.8
3122009,Divino - MG,579.0,20706,2.8
3140605,Materlândia - MG,557.0,3963,14.06
3161908,São Gonçalo do Rio Abaixo - MG,554.0,11850,4.68
3171303,Viçosa - MG,537.0,76430,0.7
3157658,Santa Helena de Minas - MG,510.0,5938,8.59
3166956,Serranópolis de Minas - MG,499.0,4399,11.34
3154507,Riacho dos Machados - MG,497.0,8756,5.68
3164209,São Romão - MG,484.0,10315,4.69
3138682,Luislândia - MG,483.0,6210,7.78
3104700,Ataléia - MG,477.0,13736,3.47
3118809,Coração de Jesus - MG,469.0,25377,1.85
3169406,Três Pontas - MG,449.0,55255,0.81
3126703,Francisco Sá - MG,442.0,23476,1.88
3153202,Presidente Juscelino - MG,441.0,3465,12.73
3168606,Teófilo Otoni - MG,439.0,137418,0.32
3127339,Gameleiras - MG,436.0,4793,9.1
3116803,Coluna - MG,434.0,8163,5.32
3123106,Dores de Guanhães - MG,434.0,5029,8.63
3131703,Itabira - MG,431.0,113343,0.38
3152204,Porteirinha - MG,428.0,37438,1.14
3134004,Itinga - MG,413.0,13745,3.0
3102506,Amparo do Serra - MG,408.0,4541,8.98
3127057,Fronteira dos Vales - MG,378.0,4345,8.7
3106408,Belo Vale - MG,349.0,8627,4.05
3108107,Bonfim - MG,337.0,7434,4.53
3148608,Peçanha - MG,335.0,17446,1.92
3136009,Joaíma - MG,327.0,13888,2.35
3154200,Resende Costa - MG,317.0,11230,2.82
3160702,Santos Dumont - MG,312.0,42406,0.74
3107307,Bocaiúva - MG,312.0,48032,0.65
3106606,Bertópolis - MG,310.0,4451,6.96
3135704,Jequitibá - MG,304.0,5883,5.17
3169307,Três Corações - MG,302.0,75485,0.4
3155207,Rio Espera - MG,292.0,5429,5.38
3127701,Governador Valadares - MG,291.0,257171,0.11
3142304,Moeda - MG,288.0,5125,5.62
3146107,Ouro Preto - MG,284.0,74821,0.38
3127602,Gouveia - MG,281.0,11331,2.48
3144607,Nepomuceno - MG,281.0,25018,1.12
3135803,Jequitinhonha - MG,276.0,24007,1.15
3103504,Araguari - MG,268.0,117808,0.23
3107406,Bom Despacho - MG,263.0,51737,0.51
3100500,Açucena - MG,262.0,8943,2.93
3105608,Barbacena - MG,260.0,125317,0.21
3167905,Tabuleiro - MG,254.0,4014,6.33
3136306,João Pinheiro - MG,253.0,46801,0.54
3115458,Catuji - MG,248.0,7030,3.53
3132107,Itacarambi - MG,248.0,17208,1.44
3134608,Jaboticatubas - MG,244.0,20406,1.2
3103009,Antônio Dias - MG,234.0,9219,2.54
3142007,Mirabela - MG,225.0,13651,1.65
3153301,Presidente Kubitschek - MG,224.0,3071,7.29
3151404,Pitangui - MG,222.0,26685,0.83
3145877,Orizânia - MG,221.0,8437,2.62
3140001,Mariana - MG,220.0,61387,0.36
3155603,Rio Pardo de Minas - MG,213.0,28271,0.75
3162807,São João Evangelista - MG,212.0,15315,1.38
3125903,Ferros - MG,209.0,9590,2.18
3161007,São Domingos do Prata - MG,204.0,17392,1.17
3138104,Lassance - MG,195.0,7124,2.74
3126752,Franciscópolis - MG,195.0,5034,3.87
3162500,São João del Rei - MG,195.0,90225,0.22
3119708,Coronel Xavier Chaves - MG,194.0,3486,5.57
3126406,Fortuna de Minas - MG,193.0,3093,6.24
3171071,Veredinha - MG,188.0,5181,3.63
3154408,Ressaquinha - MG,187.0,4548,4.11
3147709,Passa Tempo - MG,175.0,8473,2.07
3128204,Guaraciaba - MG,174.0,9753,1.78
3148400,Paulistas - MG,173.0,4389,3.94
3106655,Berizal - MG,170.0,4201,4.05
3138658,Lontra - MG,166.0,8790,1.89
3125606,Felisburgo - MG,163.0,6489,2.51
3109600,Cachoeira da Prata - MG,158.0,3693,4.28
3118304,Conselheiro Lafaiete - MG,154.0,131621,0.12
3118007,Congonhas - MG,140.0,52890,0.26
3144508,Nazareno - MG,134.0,8179,1.64
3157609,Santa Fé de Minas - MG,133.0,3522,3.78
3101706,Almenara - MG,129.0,40364,0.32
3138351,Leme do Prado - MG,122.0,4341,2.81
3171907,Virgolândia - MG,120.0,4552,2.64
3112059,Cantagalo - MG,118.0,3974,2.97
3145059,Nova Porteirinha - MG,111.0,6706,1.66
3106705,Betim - MG,110.0,411846,0.03
3167608,Simonésia - MG,103.0,19750,0.52
3113701,Carlos Chagas - MG,101.0,18615,0.54
3128808,Guidoval - MG,97.0,7131,1.36
3100401,Acaiaca - MG,95.0,3909,2.43
3164100,São Pedro do Suaçuí - MG,93.0,5103,1.82
3154002,Raul Soares - MG,91.0,23423,0.39
3145307,Novo Cruzeiro - MG,90.0,26975,0.33
3108503,Botumirim - MG,89.0,5790,1.54
3114501,Carmópolis de Minas - MG,89.0,18003,0.49
3132701,Itambacuri - MG,86.0,21042,0.41
3172004,Visconde do Rio Branco - MG,83.0,39160,0.21
3129509,Ibiá - MG,82.0,22229,0.37
3102407,Alvorada de Minas - MG,80.0,4159,1.92
3136520,José Gonçalves de Minas - MG,80.0,3969,2.02
3165008,São Tiago - MG,79.0,11192,0.71
3170750,Varjão de Minas - MG,79.0,6969,1.13
3166105,Senhora do Porto - MG,77.0,3067,2.51
3162906,São João Nepomuceno - MG,76.0,25565,0.3
3123601,Elói Mendes - MG,76.0,26336,0.29
3125507,São Gonçalo do Rio Preto - MG,70.0,3032,2.31
3159902,Santo Antônio do Amparo - MG,69.0,17285,0.4
3145455,Olhos-d'Água - MG,68.0,5385,1.26
3141603,Mercês - MG,68.0,10373,0.66
3150000,Pescador - MG,67.0,3570,1.88
3111507,Campos Altos - MG,67.0,12979,0.52
3152006,Pompéu - MG,63.0,31047,0.2
3113008,Caraí - MG,61.0,19548,0.31
3170529,Urucuia - MG,59.0,17479,0.34
3130655,Indaiabira - MG,58.0,6346,0.91
3169356,Três Marias - MG,58.0,28895,0.2
3150570,Pintópolis - MG,57.0,7084,0.8
3156502,Rubelita - MG,56.0,5679,0.99
3122603,Dom Joaquim - MG,56.0,4899,1.14
3170206,Uberlândia - MG,55.0,713224,0.01
3111309,Campo do Meio - MG,55.0,11377,0.48
3118106,Congonhas do Norte - MG,54.0,4831,1.12
3108800,Braúnas - MG,52.0,4441,1.17
3141009,Mato Verde - MG,52.0,12038,0.43
3119104,Corinto - MG,51.0,23532,0.22
3137908,Lamim - MG,48.0,3184,1.51
3142809,Monte Alegre de Minas - MG,47.0,20170,0.23
3144102,Muzambinho - MG,44.0,21891,0.2
3159605,Santa Rita do Sapucaí - MG,43.0,40635,0.11
3131307,Ipatinga - MG,39.0,227731,0.02
3153400,Presidente Olegário - MG,38.0,18765,0.2
3162252,São João da Lagoa - MG,38.0,4822,0.79
3157104,Salto da Divisa - MG,37.0,6110,0.61
3151701,Poço Fundo - MG,37.0,16390,0.23
3150604,Piracema - MG,37.0,6700,0.55
3122702,Dom Silvério - MG,36.0,5228,0.69
3147907,Passos - MG,36.0,111939,0.03
3145208,Nova Serrana - MG,35.0,105552,0.03
3152808,Prata - MG,35.0,28342,0.12
3152501,Pouso Alegre - MG,35.0,152217,0.02
3166808,Serra do Salitre - MG,33.0,11801,0.28
3133501,Itapecerica - MG,32.0,21046,0.15
3115201,Conceição da Barra de Minas - MG,31.0,3560,0.87
3158953,Santana do Paraíso - MG,31.0,44800,0.07
3148004,Patos de Minas - MG,28.0,159235,0.02
3135605,Jequitaí - MG,28.0,6484,0.43
3166501,Serra Azul de Minas - MG,28.0,3792,0.74
3120102,Couto de Magalhães de Minas - MG,27.0,4245,0.64
3102803,Andrelândia - MG,26.0,11927,0.22
3146008,Ouro Fino - MG,25.0,32094,0.08
3149309,Pedro Leopoldo - MG,25.0,62580,0.04
3103306,Aracitaba - MG,24.0,2049,1.17
3170404,Unaí - MG,24.0,86619,0.03
3139607,Mantena - MG,23.0,26535,0.09
3157203,Santa Bárbara - MG,23.0,30466,0.08
3168903,Tiros - MG,23.0,7883,0.29
3102902,Antônio Carlos - MG,21.0,11095,0.19
3116308,Cipotânea - MG,21.0,5581,0.38
3164704,São Sebastião do Paraíso - MG,20.0,71796,0.03
3149705,Perdigão - MG,19.0,12268,0.15
3138906,Machacalis - MG,18.0,6487,0.28
3110301,Caldas - MG,17.0,14217,0.12
3114204,Carmo do Cajuru - MG,17.0,23479,0.07
3116506,Claro dos Poções - MG,17.0,7166,0.24
3149952,Periquito - MG,16.0,6553,0.24
3161809,São Gonçalo do Pará - MG,16.0,11770,0.14
3113503,Carbonita - MG,15.0,8512,0.18
3108206,Bonfinópolis de Minas - MG,14.0,5528,0.25
3143104,Monte Carmelo - MG,14.0,47692,0.03
3114808,Carvalhos - MG,14.0,4422,0.32
3138500,Liberdade - MG,14.0,4737,0.3
3137007,Ladainha - MG,12.0,14383,0.08
3145604,Oliveira - MG,11.0,39262,0.03
3101631,Alfredo Vasconcelos - MG,10.0,6931,0.14
3148509,Pavão - MG,10.0,8047,0.12
3133402,Itapagipe - MG,10.0,13690,0.07
3105400,Barão de Cocais - MG,9.0,30778,0.03
3159704,Santa Rosa da Serra - MG,9.0,3382,0.27
3133808,Itaúna - MG,9.0,97669,0.01
3145356,Novo Oriente de Minas - MG,9.0,10275,0.09
3132305,Itaipé - MG,9.0,10463,0.09
3127354,Glaucilândia - MG,8.0,2928,0.27
3160900,São Brás do Suaçuí - MG,8.0,3989,0.2
3137106,Lagamar - MG,8.0,6631,0.12
3110509,Camanducaia - MG,8.0,26097,0.03
3143153,Monte Formoso - MG,8.0,4381,0.18
3149101,Pedralva - MG,7.0,10760,0.07
3159308,Santa Rita de Jacutinga - MG,7.0,4755,0.15
3167202,Sete Lagoas - MG,7.0,227397,0.0
3162104,São Gotardo - MG,7.0,40910,0.02
3162559,São João do Manhuaçu - MG,7.0,11246,0.06
3139003,Machado - MG,7.0,37684,0.02
3142700,Montalvânia - MG,7.0,14060,0.05
3104007,Araxá - MG,7.0,111691,0.01
3134202,Ituiutaba - MG,6.0,102217,0.01
3163508,São José do Jacuri - MG,6.0,6197,0.1
3111002,Campestre - MG,6.0,20696,0.03
3133303,Itaobim - MG,6.0,19151,0.03
3110004,Caeté - MG,6.0,38776,0.02
3155108,Rio do Prado - MG,6.0,4639,0.13
3127107,Frutal - MG,6.0,58588,0.01
3152402,Poté - MG,6.0,13666,0.04
3104908,Baependi - MG,6.0,18366,0.03
3114709,Carvalhópolis - MG,5.0,3341,0.15
3150505,Pimenta - MG,5.0,8563,0.06
3145901,Ouro Branco - MG,5.0,38724,0.01
3131901,Itabirito - MG,5.0,53365,0.01
3130051,Icaraí de Minas - MG,5.0,10677,0.05
3138674,Luisburgo - MG,5.0,6956,0.07
3165909,Senador Modestino Gonçalves - MG,4.0,4008,0.1
3125408,Felício dos Santos - MG,4.0,5133,0.08
3127388,Goianá - MG,4.0,4053,0.1
3119302,Coromandel - MG,4.0,28894,0.01
3156007,Rio Vermelho - MG,4.0,12641,0.03
3161205,São Francisco de Paula - MG,4.0,6187,0.06
3136207,João Monlevade - MG,4.0,80187,0.0
3127503,Gonzaga - MG,4.0,5230,0.08
3171105,Veríssimo - MG,3.0,3411,0.09
3100203,Abaeté - MG,3.0,22675,0.01
3115409,Catas Altas da Noruega - MG,3.0,3110,0.1
3114006,Carmo da Mata - MG,3.0,11019,0.03
3156908,Sacramento - MG,3.0,26670,0.01
3121704,Diogo de Vasconcelos - MG,3.0,3549,0.08
3127800,Grão Mogol - MG,3.0,13901,0.02
3161601,São Geraldo da Piedade - MG,3.0,3305,0.09
3124302,Espinosa - MG,3.0,30443,0.01
3107109,Boa Esperança - MG,3.0,39848,0.01
3159407,Santa Rita de Ibitipoca - MG,3.0,3301,0.09
3170503,Urucânia - MG,2.0,10600,0.02
3148756,Pedra Bonita - MG,2.0,7320,0.03
3141405,Medina - MG,2.0,20156,0.01
3152170,Ponto dos Volantes - MG,2.0,10883,0.02
3121001,Datas - MG,2.0,5465,0.04
3107208,Bocaina de Minas - MG,2.0,5348,0.04
3132206,Itaguara - MG,2.0,13846,0.01
3126109,Formiga - MG,2.0,68248,0.0
3125705,Felixlândia - MG,2.0,13978,0.01
3100609,Água Boa - MG,2.0,12589,0.02
3161403,São Francisco do Glória - MG,1.0,4800,0.02
3160405,Santo Antônio do Monte - MG,1.0,27295,0.0
3108909,Brazópolis - MG,1.0,14246,0.01
3109105,Bueno Brandão - MG,1.0,10911,0.01
3157500,Santa Efigênia de Minas - MG,1.0,4039,0.02
3155306,Rio Manso - MG,1.0,5568,0.02
3152303,Porto Firme - MG,1.0,10569,0.01
3151503,Piumhi - MG,1.0,36062,0.0
3151305,Piraúba - MG,1.0,11610,0.01
3145000,Nova Ponte - MG,1.0,14598,0.01
3117108,Conceição da Aparecida - MG,1.0,10371,0.01
3142502,Monjolos - MG,1.0,2169,0.05
3142601,Monsenhor Paulo - MG,1.0,8340,0.01
3118700,Coqueiral - MG,1.0,9023,0.01
3141702,Mesquita - MG,1.0,5040,0.02
3140506,Martinho Campos - MG,1.0,14003,0.01
3139201,Malacacheta - MG,1.0,17516,0.01
3137601,Lagoa Santa - MG,1.0,75145,0.0
3137809,Lambari - MG,1.0,20414,0.0
3120904,Curvelo - MG,1.0,80665,0.0
3135506,Jequeri - MG,1.0,12419,0.01
3133709,Itatiaiuçu - MG,1.0,12966,0.01
3134707,Jacinto - MG,1.0,11042,0.01
3124104,Esmeraldas - MG,1.0,85598,0.0
3124500,Estiva - MG,1.0,11502,0.01
3130507,Ilicínea - MG,1.0,12741,0.01
3130705,Indianópolis - MG,1.0,6171,0.02
3129004,Guiricema - MG,1.0,7778,0.01
3170107,Uberaba - MG,1.0,337836,0.0
3102100,Alto Rio Doce - MG,1.0,10891,0.01
3102605,Andradas - MG,1.0,40553,0.0
3102704,Cachoeira de Pajeú - MG,0.0,9110,0.0
3168200,Tapiraí - MG,0.0,1690,0.0
3168309,Taquaraçu de Minas - MG,0.0,4224,0.0
3168408,Tarumirim - MG,0.0,14709,0.0
3103603,Arantina - MG,0.0,2915,0.0
3103702,Araponga - MG,0.0,8048,0.0
3103751,Araporã - MG,0.0,8479,0.0
3103801,Arapuá - MG,0.0,2631,0.0
3103900,Araújos - MG,0.0,9199,0.0
3104106,Arceburgo - MG,0.0,9177,0.0
3104205,Arcos - MG,0.0,41416,0.0
3104304,Areado - MG,0.0,13881,0.0
3104403,Argirita - MG,0.0,2688,0.0
3104452,Aricanduva - MG,0.0,4719,0.0
3104502,Arinos - MG,0.0,17272,0.0
3104601,Astolfo Dutra - MG,0.0,14138,0.0
3168507,Teixeiras - MG,0.0,12255,0.0
3130002,Ibituruna - MG,0.0,2698,0.0
3130101,Igarapé - MG,0.0,45847,0.0
3130200,Igaratinga - MG,0.0,10830,0.0
3130309,Iguatama - MG,0.0,6826,0.0
3100302,Abre Campo - MG,0.0,13927,0.0
3171154,Vermelho Novo - MG,0.0,4899,0.0
3171204,Vespasiano - MG,0.0,129246,0.0
3171402,Vieiras - MG,0.0,3700,0.0
3171501,Mathias Lobato - MG,0.0,3038,0.0
3171709,Virgínia - MG,0.0,8908,0.0
3171808,Virginópolis - MG,0.0,10314,0.0
3101904,Alpinópolis - MG,0.0,18300,0.0
3102001,Alterosa - MG,0.0,13915,0.0
3170057,Ubaporanga - MG,0.0,13017,0.0
3170305,Umburatiba - MG,0.0,2684,0.0
3170438,União de Minas - MG,0.0,3828,0.0
3131406,Ipiaçu - MG,0.0,3775,0.0
3131505,Ipuiúna - MG,0.0,9135,0.0
3131604,Iraí de Minas - MG,0.0,7180,0.0
3131802,Itabirinha - MG,0.0,10362,0.0
3132008,Itacambira - MG,0.0,4252,0.0
3128709,Guaxupé - MG,0.0,50911,0.0
3128907,Guimarânia - MG,0.0,8478,0.0
3129103,Gurinhatã - MG,0.0,5192,0.0
3129202,Heliodora - MG,0.0,6134,0.0
3129301,Iapu - MG,0.0,12030,0.0
3129400,Ibertioga - MG,0.0,5198,0.0
3129608,Ibiaí - MG,0.0,6286,0.0
3129657,Ibiracatu - MG,0.0,5081,0.0
3129707,Ibiraci - MG,0.0,10948,0.0
3129806,Ibirité - MG,0.0,170537,0.0
3129905,Ibitiúra de Minas - MG,0.0,3365,0.0
3123809,Engenheiro Navarro - MG,0.0,6354,0.0
3123858,Entre Folhas - MG,0.0,5179,0.0
3123908,Entre Rios de Minas - MG,0.0,14746,0.0
3124005,Ervália - MG,0.0,20255,0.0
3124203,Espera Feliz - MG,0.0,24102,0.0
3124401,Espírito Santo do Dourado - MG,0.0,6611,0.0
3124609,Estrela Dalva - MG,0.0,2186,0.0
3130408,Ijaci - MG,0.0,7003,0.0
3130556,Imbé de Minas - MG,0.0,6986,0.0
3130606,Inconfidentes - MG,0.0,7301,0.0
3130804,Ingaí - MG,0.0,2580,0.0
3130903,Inhapim - MG,0.0,22692,0.0
3131000,Inhaúma - MG,0.0,6239,0.0
3131109,Inimutaba - MG,0.0,7371,0.0
3131158,Ipaba - MG,0.0,17136,0.0
3131208,Ipanema - MG,0.0,19522,0.0
3133600,Itapeva - MG,0.0,12692,0.0
3133758,Itaú de Minas - MG,0.0,14406,0.0
3133907,Itaverava - MG,0.0,5642,0.0
3134103,Itueta - MG,0.0,6055,0.0
3134301,Itumirim - MG,0.0,6638,0.0
3134400,Iturama - MG,0.0,38295,0.0
3134509,Itutinga - MG,0.0,4217,0.0
3134806,Jacuí - MG,0.0,7495,0.0
3134905,Jacutinga - MG,0.0,25525,0.0
3132404,Itajubá - MG,0.0,93073,0.0
3132602,Itamarati de Minas - MG,0.0,3690,0.0
3123304,Dores do Turvo - MG,0.0,4987,0.0
3123403,Doresópolis - MG,0.0,1461,0.0
3123502,Douradoquara - MG,0.0,1829,0.0
3123528,Durandé - MG,0.0,7817,0.0
3123700,Engenheiro Caldas - MG,0.0,13622,0.0
3122108,Divino das Laranjeiras - MG,0.0,4178,0.0
3122207,Divinolândia de Minas - MG,0.0,6516,0.0
3122306,Divinópolis - MG,0.0,231091,0.0
3122355,Divisa Alegre - MG,0.0,6321,0.0
3122405,Divisa Nova - MG,0.0,5851,0.0
3122454,Divisópolis - MG,0.0,10213,0.0
3122470,Dom Bosco - MG,0.0,3697,0.0
3122504,Dom Cavati - MG,0.0,4904,0.0
3122801,Dom Viçoso - MG,0.0,3095,0.0
3122900,Dona Euzébia - MG,0.0,6093,0.0
3123007,Dores de Campos - MG,0.0,10007,0.0
3132800,Itambé do Mato Dentro - MG,0.0,2142,0.0
3132909,Itamogi - MG,0.0,10770,0.0
3133006,Itamonte - MG,0.0,14786,0.0
3133105,Itanhandu - MG,0.0,15236,0.0
3133204,Itanhomi - MG,0.0,11128,0.0
3136504,Jordânia - MG,0.0,10304,0.0
3136553,José Raydan - MG,0.0,4268,0.0
3136579,Josenópolis - MG,0.0,3630,0.0
3136603,Nova União - MG,0.0,5909,0.0
3136652,Juatuba - MG,0.0,30716,0.0
3136702,Juiz de Fora - MG,0.0,540756,0.0
3136801,Juramento - MG,0.0,3768,0.0
3136900,Juruaia - MG,0.0,11084,0.0
3137205,Lagoa da Prata - MG,0.0,51412,0.0
3137304,Lagoa dos Patos - MG,0.0,3313,0.0
3137403,Lagoa Dourada - MG,0.0,12769,0.0
3135001,Jaguaraçu - MG,0.0,3092,0.0
3135076,Jampruca - MG,0.0,4296,0.0
3135308,Japaraíba - MG,0.0,4506,0.0
3135357,Japonvar - MG,0.0,8127,0.0
3135407,Jeceaba - MG,0.0,6197,0.0
3137536,Lagoa Grande - MG,0.0,8969,0.0
3137700,Lajinha - MG,0.0,20835,0.0
3138005,Laranjal - MG,0.0,5963,0.0
3120706,Cruzeiro da Fortaleza - MG,0.0,3521,0.0
3120805,Cruzília - MG,0.0,15362,0.0
3120839,Cuparaque - MG,0.0,3983,0.0
3120870,Curral de Dentro - MG,0.0,7406,0.0
3121100,Delfim Moreira - MG,0.0,7952,0.0
3121209,Delfinópolis - MG,0.0,8393,0.0
3121258,Delta - MG,0.0,10494,0.0
3121308,Descoberto - MG,0.0,4928,0.0
3121407,Desterro de Entre Rios - MG,0.0,7653,0.0
3123205,Dores do Indaiá - MG,0.0,12630,0.0
3135902,Jesuânia - MG,0.0,5138,0.0
3136108,Joanésia - MG,0.0,4329,0.0
3136405,Joaquim Felício - MG,0.0,3854,0.0
3125101,Extrema - MG,0.0,53482,0.0
3125200,Fama - MG,0.0,2578,0.0
3125309,Faria Lemos - MG,0.0,3188,0.0
3125804,Fernandes Tourinho - MG,0.0,2789,0.0
3125952,Fervedouro - MG,0.0,10445,0.0
3126000,Florestal - MG,0.0,8045,0.0
3127370,Goiabeira - MG,0.0,2830,0.0
3127404,Gonçalves - MG,0.0,4727,0.0
3127909,Grupiara - MG,0.0,1392,0.0
3128105,Guapé - MG,0.0,13772,0.0
3128253,Guaraciama - MG,0.0,5051,0.0
3128303,Guaranésia - MG,0.0,19150,0.0
3128402,Guarani - MG,0.0,7714,0.0
3128501,Guarará - MG,0.0,3149,0.0
3128600,Guarda-Mor - MG,0.0,6539,0.0
3137502,Lagoa Formosa - MG,0.0,18904,0.0
3121506,Desterro do Melo - MG,0.0,2994,0.0
3121803,Dionísio - MG,0.0,6847,0.0
3121902,Divinésia - MG,0.0,4226,0.0
3138203,Lavras - MG,0.0,104761,0.0
3138302,Leandro Ferreira - MG,0.0,3199,0.0
3138401,Leopoldina - MG,0.0,51145,0.0
3138609,Lima Duarte - MG,0.0,17221,0.0
3138625,Limeira do Oeste - MG,0.0,8687,0.0
3138708,Luminárias - MG,0.0,5586,0.0
3138807,Luz - MG,0.0,17875,0.0
3139102,Madre de Deus de Minas - MG,0.0,5191,0.0
3139250,Mamonas - MG,0.0,5997,0.0
3139409,Manhuaçu - MG,0.0,91886,0.0
3139508,Manhumirim - MG,0.0,20613,0.0
3139706,Maravilhas - MG,0.0,7333,0.0
3125002,Ewbank da Câmara - MG,0.0,3875,0.0
3142205,Miraí - MG,0.0,13633,0.0
3139805,Mar de Espanha - MG,0.0,12721,0.0
3139904,Maria da Fé - MG,0.0,14247,0.0
3140100,Marilac - MG,0.0,4224,0.0
3140159,Mário Campos - MG,0.0,15900,0.0
3140209,Maripá de Minas - MG,0.0,3387,0.0
3140308,Marliéria - MG,0.0,4592,0.0
3140407,Marmelópolis - MG,0.0,3200,0.0
3119401,Coronel Fabriciano - MG,0.0,104736,0.0
3119609,Coronel Pacheco - MG,0.0,2762,0.0
3119807,Córrego Danta - MG,0.0,2960,0.0
3119906,Córrego do Bom Jesus - MG,0.0,4272,0.0
3119955,Córrego Fundo - MG,0.0,6133,0.0
3120003,Córrego Novo - MG,0.0,2875,0.0
3120151,Crisólita - MG,0.0,5265,0.0
3120201,Cristais - MG,0.0,12197,0.0
3119203,Coroaci - MG,0.0,10884,0.0
3143401,Monte Sião - MG,0.0,24089,0.0
3120409,Cristiano Otoni - MG,0.0,4667,0.0
3120508,Cristina - MG,0.0,10374,0.0
3120607,Crucilândia - MG,0.0,5434,0.0
3140530,Martins Soares - MG,0.0,8396,0.0
3140555,Mata Verde - MG,0.0,9112,0.0
3140704,Mateus Leme - MG,0.0,37841,0.0
3140803,Matias Barbosa - MG,0.0,14121,0.0
3140902,Matipó - MG,0.0,18552,0.0
3141108,Matozinhos - MG,0.0,37618,0.0
3141207,Matutina - MG,0.0,3814,0.0
3141306,Medeiros - MG,0.0,3900,0.0
3141504,Mendes Pimentel - MG,0.0,5606,0.0
3141900,Minduri - MG,0.0,3741,0.0
3142106,Miradouro - MG,0.0,8968,0.0
3144409,Natércia - MG,0.0,4691,0.0
3144656,Ninheira - MG,0.0,10588,0.0
3144672,Nova Belém - MG,0.0,3151,0.0
3144706,Nova Era - MG,0.0,17438,0.0
3144805,Nova Lima - MG,0.0,111697,0.0
3142254,Miravânia - MG,0.0,3985,0.0
3142403,Moema - MG,0.0,7548,0.0
3143005,Monte Belo - MG,0.0,13046,0.0
3143203,Monte Santo de Minas - MG,0.0,20890,0.0
3117876,Confins - MG,0.0,7350,0.0
3117900,Congonhal - MG,0.0,11083,0.0
3118205,Conquista - MG,0.0,6694,0.0
3118403,Conselheiro Pena - MG,0.0,20824,0.0
3118502,Consolação - MG,0.0,1563,0.0
3118908,Cordisburgo - MG,0.0,7547,0.0
3119005,Cordislândia - MG,0.0,3200,0.0
3117009,Comercinho - MG,0.0,6660,0.0
3117207,Conceição das Pedras - MG,0.0,2772,0.0
3117306,Conceição das Alagoas - MG,0.0,28381,0.0
3117405,Conceição de Ipanema - MG,0.0,4409,0.0
3117603,Conceição do Pará - MG,0.0,5415,0.0
3143450,Montezuma - MG,0.0,6888,0.0
3143500,Morada Nova de Minas - MG,0.0,9067,0.0
3143609,Morro da Garça - MG,0.0,2411,0.0
3143708,Morro do Pilar - MG,0.0,3133,0.0
3143807,Munhoz - MG,0.0,7451,0.0
3143906,Muriaé - MG,0.0,104108,0.0
3144003,Mutum - MG,0.0,27635,0.0
3144201,Nacip Raydan - MG,0.0,2459,0.0
3144300,Nanuque - MG,0.0,35038,0.0
3144359,Naque - MG,0.0,6303,0.0
3144375,Natalândia - MG,0.0,3520,0.0
3146602,Paiva - MG,0.0,1474,0.0
3146701,Palma - MG,0.0,5707,0.0
3146750,Palmópolis - MG,0.0,6301,0.0
3146909,Papagaios - MG,0.0,13920,0.0
3147105,Pará de Minas - MG,0.0,97139,0.0
3147204,Paraguaçu - MG,0.0,21723,0.0
3147303,Paraisópolis - MG,0.0,20445,0.0
3144904,Nova Módica - MG,0.0,3663,0.0
3145109,Nova Resende - MG,0.0,16387,0.0
3145372,Novorizonte - MG,0.0,4571,0.0
3145406,Olaria - MG,0.0,1945,0.0
3145505,Olímpio Noronha - MG,0.0,2555,0.0
3116407,Claraval - MG,0.0,4658,0.0
3116605,Cláudio - MG,0.0,30159,0.0
3116704,Coimbra - MG,0.0,7117,0.0
3116902,Comendador Gomes - MG,0.0,2773,0.0
3115508,Caxambu - MG,0.0,21056,0.0
3115607,Cedro do Abaeté - MG,0.0,1081,0.0
3115706,Central de Minas - MG,0.0,6171,0.0
3115805,Centralina - MG,0.0,10207,0.0
3115904,Chácara - MG,0.0,3075,0.0
3116001,Chalé - MG,0.0,6075,0.0
3116209,Chiador - MG,0.0,2800,0.0
3117702,Conceição do Rio Verde - MG,0.0,12541,0.0
3117801,Conceição dos Ouros - MG,0.0,10880,0.0
3145703,Oliveira Fortes - MG,0.0,2027,0.0
3145802,Onça de Pitangui - MG,0.0,2969,0.0
3145851,Oratórios - MG,0.0,4917,0.0
3146255,Padre Carvalho - MG,0.0,5058,0.0
3146305,Padre Paraíso - MG,0.0,17334,0.0
3146404,Paineiras - MG,0.0,4224,0.0
3146503,Pains - MG,0.0,8142,0.0
3113800,Carmésia - MG,0.0,2605,0.0
3113909,Carmo da Cachoeira - MG,0.0,11547,0.0
3114105,Carmo de Minas - MG,0.0,13797,0.0
3114303,Carmo do Paranaíba - MG,0.0,29011,0.0
3114402,Carmo do Rio Claro - MG,0.0,20954,0.0
3114550,Carneirinho - MG,0.0,9422,0.0
3114600,Carrancas - MG,0.0,4049,0.0
3147501,Passabém - MG,0.0,1600,0.0
3147600,Passa Quatro - MG,0.0,15515,0.0
3147808,Passa Vinte - MG,0.0,2233,0.0
3147956,Patis - MG,0.0,4837,0.0
3148103,Patrocínio - MG,0.0,89826,0.0
3148202,Patrocínio do Muriaé - MG,0.0,5576,0.0
3115102,Cássia - MG,0.0,17155,0.0
3115300,Cataguases - MG,0.0,66261,0.0
3115359,Catas Altas - MG,0.0,5473,0.0
3150406,Piedade dos Gerais - MG,0.0,5019,0.0
3150539,Pingo-d'Água - MG,0.0,4706,0.0
3150703,Pirajuba - MG,0.0,5537,0.0
3150901,Piranguçu - MG,0.0,6041,0.0
3151008,Piranguinho - MG,0.0,9120,0.0
3151107,Pirapetinga - MG,0.0,11077,0.0
3151206,Pirapora - MG,0.0,55606,0.0
3148707,Pedra Azul - MG,0.0,24410,0.0
3148806,Pedra do Anta - MG,0.0,3311,0.0
3148905,Pedra do Indaiá - MG,0.0,4112,0.0
3149002,Pedra Dourada - MG,0.0,2757,0.0
3149200,Pedrinópolis - MG,0.0,3344,0.0
3149408,Pedro Teixeira - MG,0.0,1810,0.0
3149507,Pequeri - MG,0.0,3351,0.0
3149606,Pequi - MG,0.0,4155,0.0
3113602,Careaçu - MG,0.0,6816,0.0
3112505,Capim Branco - MG,0.0,10663,0.0
3112604,Capinópolis - MG,0.0,14655,0.0
3112653,Capitão Andrade - MG,0.0,4585,0.0
3112703,Capitão Enéas - MG,0.0,14108,0.0
3112802,Capitólio - MG,0.0,10380,0.0
3112901,Caputira - MG,0.0,8936,0.0
3113107,Caranaíba - MG,0.0,2933,0.0
3113206,Carandaí - MG,0.0,23812,0.0
3114907,Casa Grande - MG,0.0,2214,0.0
3115003,Cascalho Rico - MG,0.0,2712,0.0
3149804,Perdizes - MG,0.0,17151,0.0
3149903,Perdões - MG,0.0,21384,0.0
3150109,Piau - MG,0.0,2796,0.0
3150158,Piedade de Caratinga - MG,0.0,8529,0.0
3150208,Piedade de Ponte Nova - MG,0.0,3976,0.0
3150307,Piedade do Rio Grande - MG,0.0,4604,0.0
3153103,Presidente Bernardes - MG,0.0,4850,0.0
3153509,Alto Jequitibá - MG,0.0,8397,0.0
3153608,Prudente de Morais - MG,0.0,11466,0.0
3153707,Quartel Geral - MG,0.0,3179,0.0
3153806,Queluzito - MG,0.0,1770,0.0
3153905,Raposos - MG,0.0,16279,0.0
3154101,Recreio - MG,0.0,11007,0.0
3154150,Reduto - MG,0.0,7848,0.0
3154309,Resplendor - MG,0.0,17226,0.0
3151602,Planura - MG,0.0,11145,0.0
3151800,Poços de Caldas - MG,0.0,163742,0.0
3151909,Pocrane - MG,0.0,8350,0.0
3152131,Ponto Chique - MG,0.0,3747,0.0
3112109,Caparaó - MG,0.0,5048,0.0
3112208,Capela Nova - MG,0.0,4362,0.0
3112406,Capetinga - MG,0.0,6562,0.0
3110806,Campanário - MG,0.0,2923,0.0
3110905,Campanha - MG,0.0,15935,0.0
3111101,Campina Verde - MG,0.0,18011,0.0
3111150,Campo Azul - MG,0.0,3714,0.0
3111200,Campo Belo - MG,0.0,52277,0.0
3111408,Campo Florido - MG,0.0,8466,0.0
3111606,Campos Gerais - MG,0.0,26105,0.0
3111705,Canaã - MG,0.0,4715,0.0
3111804,Canápolis - MG,0.0,10608,0.0
3111903,Cana Verde - MG,0.0,5272,0.0
3113305,Carangola - MG,0.0,31240,0.0
3113404,Caratinga - MG,0.0,87360,0.0
3152600,Pouso Alto - MG,0.0,6566,0.0
3152709,Prados - MG,0.0,9048,0.0
3152907,Pratápolis - MG,0.0,8406,0.0
3153004,Pratinha - MG,0.0,3559,0.0
3156106,Ritápolis - MG,0.0,4994,0.0
3156205,Rochedo de Minas - MG,0.0,2291,0.0
3156304,Rodeiro - MG,0.0,8664,0.0
3156403,Romaria - MG,0.0,3386,0.0
3156452,Rosário da Limeira - MG,0.0,4734,0.0
3156601,Rubim - MG,0.0,10298,0.0
3156700,Sabará - MG,0.0,129380,0.0
3157252,Santa Bárbara do Leste - MG,0.0,8458,0.0
3157278,Santa Bárbara do Monte Verde - MG,0.0,3095,0.0
3157302,Santa Bárbara do Tugúrio - MG,0.0,4208,0.0
3154457,Riachinho - MG,0.0,6863,0.0
3154705,Ribeirão Vermelho - MG,0.0,4080,0.0
3154804,Rio Acima - MG,0.0,10261,0.0
3154903,Rio Casca - MG,0.0,12789,0.0
3155009,Rio Doce - MG,0.0,2484,0.0
3110707,Cambuquira - MG,0.0,12313,0.0
3109253,Bugre - MG,0.0,4041,0.0
3109303,Buritis - MG,0.0,24030,0.0
3109402,Buritizeiro - MG,0.0,23910,0.0
3109451,Cabeceira Grande - MG,0.0,6627,0.0
3109501,Cabo Verde - MG,0.0,11410,0.0
3109709,Cachoeira de Minas - MG,0.0,11883,0.0
3109808,Cachoeira Dourada - MG,0.0,2315,0.0
3109907,Caetanópolis - MG,0.0,11435,0.0
3110103,Caiana - MG,0.0,5304,0.0
3110202,Cajuri - MG,0.0,4088,0.0
3110400,Camacho - MG,0.0,2838,0.0
3112000,Candeias - MG,0.0,14001,0.0
3155405,Rio Novo - MG,0.0,8518,0.0
3155504,Rio Paranaíba - MG,0.0,14532,0.0
3155801,Rio Pomba - MG,0.0,17443,0.0
3155900,Rio Preto - MG,0.0,5141,0.0
3158300,Santana da Vargem - MG,0.0,6691,0.0
3158409,Santana de Cataguases - MG,0.0,3489,0.0
3158508,Santana de Pirapama - MG,0.0,7030,0.0
3158607,Santana do Deserto - MG,0.0,3747,0.0
3158706,Santana do Garambéu - MG,0.0,2137,0.0
3158805,Santana do Jacaré - MG,0.0,4214,0.0
3158904,Santana do Manhuaçu - MG,0.0,8987,0.0
3159001,Santana do Riacho - MG,0.0,5313,0.0
3159100,Santana dos Montes - MG,0.0,3469,0.0
3159209,Santa Rita de Caldas - MG,0.0,8460,0.0
3159357,Santa Rita de Minas - MG,0.0,6773,0.0
3159506,Santa Rita do Itueto - MG,0.0,5826,0.0
3157336,Santa Cruz de Minas - MG,0.0,8109,0.0
3157377,Santa Cruz de Salinas - MG,0.0,3910,0.0
3157401,Santa Cruz do Escalvado - MG,0.0,4673,0.0
3157708,Santa Juliana - MG,0.0,15734,0.0
3160009,Santo Antônio do Aventureiro - MG,0.0,3769,0.0
3160108,Santo Antônio do Grama - MG,0.0,4229,0.0
3160306,Santo Antônio do Jacinto - MG,0.0,10327,0.0
3160454,Santo Antônio do Retiro - MG,0.0,6629,0.0
3160504,Santo Antônio do Rio Abaixo - MG,0.0,1808,0.0
3160603,Santo Hipólito - MG,0.0,2717,0.0
3107901,Bom Repouso - MG,0.0,12649,0.0
3108008,Bom Sucesso - MG,0.0,17151,0.0
3108305,Borda da Mata - MG,0.0,17404,0.0
3108404,Botelhos - MG,0.0,14828,0.0
3108552,Brasilândia de Minas - MG,0.0,15020,0.0
3108701,Brás Pires - MG,0.0,4260,0.0
3110608,Cambuí - MG,0.0,29536,0.0
3157906,Santa Margarida - MG,0.0,16395,0.0
3158102,Santa Maria do Salto - MG,0.0,4755,0.0
3158201,Santa Maria do Suaçuí - MG,0.0,12788,0.0
3170701,Varginha - MG,0.0,136467,0.0
3100104,Abadia dos Dourados - MG,0.0,6272,0.0
3126208,Formoso - MG,0.0,7949,0.0
3126307,Fortaleza de Minas - MG,0.0,3477,0.0
3126604,Francisco Dumont - MG,0.0,4503,0.0
3126802,Frei Gaspar - MG,0.0,5640,0.0
3126901,Frei Inocêncio - MG,0.0,8226,0.0
3126950,Frei Lagonegro - MG,0.0,3391,0.0
3127008,Fronteira - MG,0.0,14540,0.0
3127073,Fruta de Leite - MG,0.0,4647,0.0
3127206,Funilândia - MG,0.0,4686,0.0
3127305,Galiléia - MG,0.0,6222,0.0
3124708,Estrela do Indaiá - MG,0.0,2772,0.0
3124807,Estrela do Sul - MG,0.0,6840,0.0
3124906,Eugenópolis - MG,0.0,10801,0.0
3159803,Santa Vitória - MG,0.0,20973,0.0
3109204,Buenópolis - MG,0.0,9150,0.0
3160801,São Bento Abade - MG,0.0,4713,0.0
3160959,São Domingos das Dores - MG,0.0,5626,0.0
3161056,São Félix de Minas - MG,0.0,3200,0.0
3161304,São Francisco de Sales - MG,0.0,5732,0.0
3161502,São Geraldo - MG,0.0,10282,0.0
3161650,São Geraldo do Baixio - MG,0.0,3143,0.0
3161700,São Gonçalo do Abaeté - MG,0.0,7375,0.0
3162005,São Gonçalo do Sapucaí - MG,0.0,23959,0.0
3106903,Bicas - MG,0.0,13978,0.0
3107000,Biquinhas - MG,0.0,2383,0.0
3107505,Bom Jardim de Minas - MG,0.0,6783,0.0
3107604,Bom Jesus da Penha - MG,0.0,4474,0.0
3107802,Bom Jesus do Galho - MG,0.0,14536,0.0
3162203,São João Batista do Glória - MG,0.0,7652,0.0
3170651,Vargem Grande do Rio Pardo - MG,0.0,4633,0.0
3162302,São João da Mata - MG,0.0,2914,0.0
3162450,São João das Missões - MG,0.0,13024,0.0
3162575,São João do Manteninha - MG,0.0,5331,0.0
3162609,São João do Oriente - MG,0.0,7070,0.0
3162658,São João do Pacuí - MG,0.0,3972,0.0
3162708,São João do Paraíso - MG,0.0,23910,0.0
3162922,São Joaquim de Bicas - MG,0.0,34348,0.0
3162948,São José da Barra - MG,0.0,7793,0.0
3162955,São José da Lapa - MG,0.0,26090,0.0
3163003,São José da Safira - MG,0.0,3806,0.0
3163102,São José da Varginha - MG,0.0,4536,0.0
3163201,São José do Alegre - MG,0.0,4133,0.0
3163300,São José do Divino - MG,0.0,3464,0.0
3163409,São José do Goiabal - MG,0.0,5396,0.0
3163607,São José do Mantimento - MG,0.0,2753,0.0
3163706,São Lourenço - MG,0.0,44798,0.0
3163805,São Miguel do Anta - MG,0.0,6334,0.0
3163904,São Pedro da União - MG,0.0,4885,0.0
3164001,São Pedro dos Ferros - MG,0.0,7166,0.0
3164308,São Roque de Minas - MG,0.0,7129,0.0
3164407,São Sebastião da Bela Vista - MG,0.0,6387,0.0
3104809,Augusto de Lima - MG,0.0,4538,0.0
3105004,Baldim - MG,0.0,7492,0.0
3105103,Bambuí - MG,0.0,23546,0.0
3105202,Bandeira - MG,0.0,4741,0.0
3105301,Bandeira do Sul - MG,0.0,5943,0.0
3105509,Barão do Monte Alto - MG,0.0,4964,0.0
3105707,Barra Longa - MG,0.0,5666,0.0
3105905,Barroso - MG,0.0,20080,0.0
3106002,Bela Vista de Minas - MG,0.0,10167,0.0
3106101,Belmiro Braga - MG,0.0,3244,0.0
3164431,São Sebastião da Vargem Alegre - MG,0.0,3113,0.0
3164472,São Sebastião do Anta - MG,0.0,6194,0.0
3164506,São Sebastião do Maranhão - MG,0.0,10079,0.0
3164605,São Sebastião do Oeste - MG,0.0,8815,0.0
3164803,São Sebastião do Rio Preto - MG,0.0,1259,0.0
3164902,São Sebastião do Rio Verde - MG,0.0,2300,0.0
3165107,São Tomás de Aquino - MG,0.0,6740,0.0
3165206,São Tomé das Letras - MG,0.0,6904,0.0
3165305,São Vicente de Minas - MG,0.0,6804,0.0
3165404,Sapucaí-Mirim - MG,0.0,6311,0.0
3165503,Sardoá - MG,0.0,5104,0.0
3165537,Sarzedo - MG,0.0,36844,0.0
3165560,Sem-Peixe - MG,0.0,2433,0.0
3165578,Senador Amaral - MG,0.0,6206,0.0
3165602,Senador Cortes - MG,0.0,2240,0.0
3165701,Senador Firmino - MG,0.0,7716,0.0
3165800,Senador José Bento - MG,0.0,2068,0.0
3166006,Senhora de Oliveira - MG,0.0,5483,0.0
3166204,Senhora dos Remédios - MG,0.0,10384,0.0
3166303,Sericita - MG,0.0,7345,0.0
3166402,Seritinga - MG,0.0,1819,0.0
3166600,Serra da Saudade - MG,0.0,833,0.0
3166709,Serra dos Aimorés - MG,0.0,6944,0.0
3166907,Serrania - MG,0.0,7621,0.0
3167004,Serranos - MG,0.0,1990,0.0
3167301,Silveirânia - MG,0.0,2323,0.0
3167400,Silvianópolis - MG,0.0,6179,0.0
3167509,Simão Pereira - MG,0.0,2947,0.0
3167707,Sobrália - MG,0.0,5137,0.0
3167806,Soledade de Minas - MG,0.0,5613,0.0
3168002,Taiobeiras - MG,0.0,33050,0.0
3168051,Taparuba - MG,0.0,3387,0.0
3168101,Tapira - MG,0.0,4118,0.0
3102308,Alvinópolis - MG,0.0,15059,0.0
3103108,Antônio Prado de Minas - MG,0.0,1538,0.0
3103207,Araçaí - MG,0.0,2181,0.0
3100708,Água Comprida - MG,0.0,2108,0.0
3100807,Aguanil - MG,0.0,4357,0.0
3100906,Águas Formosas - MG,0.0,18448,0.0
3101003,Águas Vermelhas - MG,0.0,14037,0.0
3101102,Aimorés - MG,0.0,25269,0.0
3101201,Aiuruoca - MG,0.0,6233,0.0
3101300,Alagoa - MG,0.0,2749,0.0
3101409,Albertina - MG,0.0,2952,0.0
3101508,Além Paraíba - MG,0.0,30717,0.0
3101607,Alfenas - MG,0.0,78970,0.0
3101805,Alpercata - MG,0.0,6903,0.0
3170800,Várzea da Palma - MG,0.0,33744,0.0
3172202,Wenceslau Braz - MG,0.0,2356,0.0
3170479,Uruana de Minas - MG,0.0,3282,0.0
3170578,Vargem Alegre - MG,0.0,5780,0.0
3170602,Vargem Bonita - MG,0.0,2158,0.0
3168705,Timóteo - MG,0.0,81579,0.0
3168804,Tiradentes - MG,0.0,7744,0.0
3169000,Tocantins - MG,0.0,16185,0.0
3169059,Tocos do Moji - MG,0.0,3826,0.0
3169109,Toledo - MG,0.0,7214,0.0
3169208,Tombos - MG,0.0,8609,0.0
3169505,Tumiritinga - MG,0.0,5886,0.0
3169604,Tupaciguara - MG,0.0,25470,0.0
3169703,Turmalina - MG,0.0,20000,0.0
3169802,Turvolândia - MG,0.0,4935,0.0
3172103,Volta Grande - MG,0.0,4443,0.0
3102050,Alto Caparaó - MG,0.0,5795,0.0
3102209,Alvarenga - MG,0.0,3975,0.0
